{
    "login":"Логин",
    "password":"Пароль. Все нужно вписывать внутри кавычек",
    "token":"Токен бота группы. Он должен иметь права на доступ к документам и стене сообщества",
    "groupid":"Айди группы",
    "targetfolder":"Абсолютный путь до папки, где будут появляться файлы",
    "timeout":"Задержка между проверками папки в секундах"
}